{"cameraMode":{"drawMode":0,"name":"Shaded","section":"Shading Mode"},"sceneLighting":true,"audioPlay":false,"sceneViewState":{"showFog":false,"showMaterialUpdate":false,"showSkybox":true,"showFlares":false,"showImageEffects":false,"showParticleSystems":false},"in2DMode":false,"pivot":{"x":75.044189453125,"y":-22.45461654663086,"z":32.81687927246094},"rotation":{"x":0.07971376180648804,"y":0.9119388461112976,"z":-0.34169602394104006,"w":0.21275046467781068},"size":114.33782196044922,"orthographic":false}