{"cameraMode":{"drawMode":0,"name":"Shaded","section":"Shading Mode"},"sceneLighting":false,"audioPlay":false,"sceneViewState":{"showFog":false,"showMaterialUpdate":false,"showSkybox":false,"showFlares":false,"showImageEffects":false,"showParticleSystems":false},"in2DMode":false,"pivot":{"x":90.76819610595703,"y":7.667079925537109,"z":98.60154724121094},"rotation":{"x":0.08404194563627243,"y":-0.1326247900724411,"z":0.01128652784973383,"w":0.987534761428833},"size":99.77267456054688,"orthographic":false}