{"cameraMode":{"drawMode":0,"name":"Shaded","section":"Shading Mode"},"sceneLighting":false,"audioPlay":false,"sceneViewState":{"showFog":false,"showMaterialUpdate":false,"showSkybox":false,"showFlares":false,"showImageEffects":false,"showParticleSystems":false},"in2DMode":false,"pivot":{"x":-16.87289047241211,"y":33.0364990234375,"z":-104.4712905883789},"rotation":{"x":0.13083617389202119,"y":0.1569349765777588,"z":-0.020979873836040498,"w":0.9786809086799622},"size":127.48462677001953,"orthographic":false}