{"cameraMode":{"drawMode":0,"name":"Shaded","section":"Shading Mode"},"sceneLighting":false,"audioPlay":false,"sceneViewState":{"showFog":false,"showMaterialUpdate":false,"showSkybox":false,"showFlares":false,"showImageEffects":false,"showParticleSystems":false},"in2DMode":false,"pivot":{"x":61.8528938293457,"y":20.153364181518556,"z":82.70295715332031},"rotation":{"x":0.19694668054580689,"y":-0.5679627060890198,"z":0.14224423468112946,"w":0.7863854765892029},"size":146.9123077392578,"orthographic":false}