{"cameraMode":{"drawMode":0,"name":"Shaded","section":"Shading Mode"},"sceneLighting":true,"audioPlay":false,"sceneViewState":{"showFog":false,"showMaterialUpdate":false,"showSkybox":true,"showFlares":false,"showImageEffects":false,"showParticleSystems":false},"in2DMode":false,"pivot":{"x":-10.152992248535157,"y":10.090024948120118,"z":76.55303955078125},"rotation":{"x":0.05136856436729431,"y":-0.48470038175582888,"z":0.026801303029060365,"w":0.8738889694213867},"size":90.69802856445313,"orthographic":false}