{"cameraMode":{"drawMode":0,"name":"Shaded","section":"Shading Mode"},"sceneLighting":false,"audioPlay":false,"sceneViewState":{"showFog":false,"showMaterialUpdate":false,"showSkybox":true,"showFlares":false,"showImageEffects":false,"showParticleSystems":false},"in2DMode":false,"pivot":{"x":41.88785934448242,"y":18.547300338745118,"z":147.79945373535157},"rotation":{"x":-0.12766067683696748,"y":0.28776490688323977,"z":-0.038757845759391788,"w":-0.9483928680419922},"size":16.76535415649414,"orthographic":false}