{"cameraMode":{"drawMode":0,"name":"Shaded","section":"Shading Mode"},"sceneLighting":false,"audioPlay":false,"sceneViewState":{"showFog":false,"showMaterialUpdate":false,"showSkybox":true,"showFlares":false,"showImageEffects":false,"showParticleSystems":false},"in2DMode":false,"pivot":{"x":99.80596923828125,"y":22.820188522338868,"z":93.12754821777344},"rotation":{"x":0.22468626499176026,"y":0.5826023817062378,"z":-0.17327842116355897,"w":0.7629212141036987},"size":18.815784454345704,"orthographic":false}