{"cameraMode":{"drawMode":0,"name":"Shaded","section":"Shading Mode"},"sceneLighting":true,"audioPlay":false,"sceneViewState":{"showFog":false,"showMaterialUpdate":false,"showSkybox":true,"showFlares":false,"showImageEffects":false,"showParticleSystems":false},"in2DMode":false,"pivot":{"x":147.42315673828126,"y":22.565385818481447,"z":-16.03546905517578},"rotation":{"x":0.3485450744628906,"y":0.6104049682617188,"z":-0.33892637491226199,"w":0.6255896687507629},"size":6.75158166885376,"orthographic":false}