{"cameraMode":{"drawMode":0,"name":"Shaded","section":"Shading Mode"},"sceneLighting":true,"audioPlay":false,"sceneViewState":{"showFog":false,"showMaterialUpdate":false,"showSkybox":true,"showFlares":false,"showImageEffects":false,"showParticleSystems":false},"in2DMode":false,"pivot":{"x":95.07601165771485,"y":6.091670036315918,"z":-11.95606803894043},"rotation":{"x":-0.4286760985851288,"y":-0.564547061920166,"z":0.4592384099960327,"w":-0.5362024307250977},"size":10.233338356018067,"orthographic":false}