{"cameraMode":{"drawMode":0,"name":"Shaded","section":"Shading Mode"},"sceneLighting":true,"audioPlay":false,"sceneViewState":{"showFog":false,"showMaterialUpdate":false,"showSkybox":true,"showFlares":false,"showImageEffects":false,"showParticleSystems":false},"in2DMode":false,"pivot":{"x":7.806702136993408,"y":19.04876708984375,"z":122.46800994873047},"rotation":{"x":-0.09650593250989914,"y":0.5969585180282593,"z":-0.0701628029346466,"w":-0.7956427335739136},"size":68.29255676269531,"orthographic":false}