{"cameraMode":{"drawMode":0,"name":"Shaded","section":"Shading Mode"},"sceneLighting":true,"audioPlay":false,"sceneViewState":{"showFog":false,"showMaterialUpdate":false,"showSkybox":true,"showFlares":false,"showImageEffects":false,"showParticleSystems":false},"in2DMode":false,"pivot":{"x":1275.6788330078125,"y":-537.2083740234375,"z":735.3533325195313},"rotation":{"x":-0.17318826913833619,"y":-0.4969116747379303,"z":0.10713184624910355,"w":-0.8443461060523987},"size":1440.9229736328125,"orthographic":false}