{"cameraMode":{"drawMode":0,"name":"Shaded","section":"Shading Mode"},"sceneLighting":false,"audioPlay":false,"sceneViewState":{"showFog":false,"showMaterialUpdate":false,"showSkybox":false,"showFlares":false,"showImageEffects":false,"showParticleSystems":false},"in2DMode":false,"pivot":{"x":-88.05707550048828,"y":34.25292205810547,"z":-103.40319061279297},"rotation":{"x":0.08006741106510163,"y":-0.8084247708320618,"z":0.10401120036840439,"w":0.5757932066917419},"size":19.63197135925293,"orthographic":false}