{"cameraMode":{"drawMode":0,"name":"Shaded","section":"Shading Mode"},"sceneLighting":false,"audioPlay":false,"sceneViewState":{"showFog":false,"showMaterialUpdate":false,"showSkybox":false,"showFlares":false,"showImageEffects":false,"showParticleSystems":false},"in2DMode":false,"pivot":{"x":19.069808959960939,"y":1.7075557708740235,"z":1.055482029914856},"rotation":{"x":-0.05653641000390053,"y":0.6579671502113342,"z":-0.049643926322460178,"w":-0.7492858171463013},"size":-9.645454406738282,"orthographic":false}