{"cameraMode":{"drawMode":0,"name":"Shaded","section":"Shading Mode"},"sceneLighting":false,"audioPlay":false,"sceneViewState":{"showFog":false,"showMaterialUpdate":false,"showSkybox":false,"showFlares":false,"showImageEffects":false,"showParticleSystems":false},"in2DMode":false,"pivot":{"x":-53.580787658691409,"y":32.17711639404297,"z":-103.62399291992188},"rotation":{"x":0.38938307762145998,"y":0.2672901153564453,"z":-0.11917170882225037,"w":0.8733479976654053},"size":4.3129658699035648,"orthographic":false}