{"cameraMode":{"drawMode":0,"name":"Shaded","section":"Shading Mode"},"sceneLighting":true,"audioPlay":false,"sceneViewState":{"showFog":false,"showMaterialUpdate":false,"showSkybox":true,"showFlares":false,"showImageEffects":false,"showParticleSystems":false},"in2DMode":false,"pivot":{"x":69.06346130371094,"y":-8.835145950317383,"z":-4.659305572509766},"rotation":{"x":-0.14048875868320466,"y":-0.8181654214859009,"z":0.2253858596086502,"w":-0.5099826455116272},"size":51.843597412109378,"orthographic":false}