{"cameraMode":{"drawMode":0,"name":"Shaded","section":"Shading Mode"},"sceneLighting":true,"audioPlay":false,"sceneViewState":{"showFog":false,"showMaterialUpdate":false,"showSkybox":true,"showFlares":false,"showImageEffects":false,"showParticleSystems":false},"in2DMode":false,"pivot":{"x":151.5634765625,"y":-8.114617347717286,"z":-109.15767669677735},"rotation":{"x":0.04519908130168915,"y":0.95184725522995,"z":-0.16623631119728089,"w":0.2541915774345398},"size":210.11155700683595,"orthographic":false}