{"cameraMode":{"drawMode":0,"name":"Shaded","section":"Shading Mode"},"sceneLighting":true,"audioPlay":false,"sceneViewState":{"showFog":false,"showMaterialUpdate":false,"showSkybox":true,"showFlares":false,"showImageEffects":false,"showParticleSystems":false},"in2DMode":false,"pivot":{"x":71.85980224609375,"y":7.1356201171875,"z":-13.656436920166016},"rotation":{"x":0.12363055348396301,"y":-0.6305451393127441,"z":0.1026618629693985,"w":0.7593340277671814},"size":56.58995056152344,"orthographic":false}