{"cameraMode":{"drawMode":0,"name":"Shaded","section":"Shading Mode"},"sceneLighting":true,"audioPlay":false,"sceneViewState":{"showFog":false,"showMaterialUpdate":false,"showSkybox":true,"showFlares":false,"showImageEffects":false,"showParticleSystems":false},"in2DMode":false,"pivot":{"x":90.20701599121094,"y":9.803131103515625,"z":-5.6557464599609379},"rotation":{"x":0.21871891617774964,"y":0.5841571092605591,"z":-0.16734559834003449,"w":0.7634944319725037},"size":41.16813659667969,"orthographic":false}