{"cameraMode":{"drawMode":0,"name":"Shaded","section":"Shading Mode"},"sceneLighting":false,"audioPlay":false,"sceneViewState":{"showFog":false,"showMaterialUpdate":false,"showSkybox":false,"showFlares":false,"showImageEffects":false,"showParticleSystems":false},"in2DMode":false,"pivot":{"x":-38.34129333496094,"y":28.640329360961915,"z":-17.382247924804689},"rotation":{"x":0.19694668054580689,"y":-0.5679627060890198,"z":0.14224423468112946,"w":0.7863854765892029},"size":9.9653902053833,"orthographic":false}