{"cameraMode":{"drawMode":0,"name":"Shaded","section":"Shading Mode"},"sceneLighting":false,"audioPlay":false,"sceneViewState":{"showFog":false,"showMaterialUpdate":false,"showSkybox":false,"showFlares":false,"showImageEffects":false,"showParticleSystems":false},"in2DMode":false,"pivot":{"x":-10.302142143249512,"y":36.53737258911133,"z":-19.817054748535158},"rotation":{"x":0.19694668054580689,"y":-0.5679627060890198,"z":0.14224423468112946,"w":0.7863854765892029},"size":5.72222375869751,"orthographic":false}