{"cameraMode":{"drawMode":0,"name":"Shaded","section":"Shading Mode"},"sceneLighting":false,"audioPlay":false,"sceneViewState":{"showFog":false,"showMaterialUpdate":false,"showSkybox":false,"showFlares":false,"showImageEffects":false,"showParticleSystems":false},"in2DMode":false,"pivot":{"x":1.5446860790252686,"y":6.382478713989258,"z":-73.53237915039063},"rotation":{"x":0.04436329007148743,"y":0.9500987529754639,"z":-0.26448261737823489,"w":0.1593717485666275},"size":5.960783958435059,"orthographic":false}