{"cameraMode":{"drawMode":0,"name":"Shaded","section":"Shading Mode"},"sceneLighting":true,"audioPlay":false,"sceneViewState":{"showFog":false,"showMaterialUpdate":false,"showSkybox":true,"showFlares":false,"showImageEffects":false,"showParticleSystems":false},"in2DMode":false,"pivot":{"x":118.3137435913086,"y":18.177024841308595,"z":-19.772743225097658},"rotation":{"x":0.03789364546537399,"y":0.6044743061065674,"z":-0.03342968970537186,"w":0.7954439520835877},"size":10.394360542297364,"orthographic":false}