{"cameraMode":{"drawMode":0,"name":"Shaded","section":"Shading Mode"},"sceneLighting":true,"audioPlay":false,"sceneViewState":{"showFog":false,"showMaterialUpdate":false,"showSkybox":true,"showFlares":false,"showImageEffects":false,"showParticleSystems":false},"in2DMode":false,"pivot":{"x":-204.6322479248047,"y":-95.90306091308594,"z":113.61701965332031},"rotation":{"x":0.14837728440761567,"y":-0.6696887016296387,"z":0.13729241490364076,"w":0.7155781984329224},"size":275.7912902832031,"orthographic":false}