{"cameraMode":{"drawMode":0,"name":"Shaded","section":"Shading Mode"},"sceneLighting":false,"audioPlay":false,"sceneViewState":{"showFog":false,"showMaterialUpdate":false,"showSkybox":false,"showFlares":false,"showImageEffects":false,"showParticleSystems":false},"in2DMode":false,"pivot":{"x":-53.09967803955078,"y":31.98305320739746,"z":-104.04335021972656},"rotation":{"x":0.027740787714719774,"y":0.5741767287254334,"z":-0.019470468163490297,"w":0.818031907081604},"size":5.526562690734863,"orthographic":false}