{"cameraMode":{"drawMode":0,"name":"Shaded","section":"Shading Mode"},"sceneLighting":true,"audioPlay":false,"sceneViewState":{"showFog":false,"showMaterialUpdate":false,"showSkybox":true,"showFlares":false,"showImageEffects":false,"showParticleSystems":false},"in2DMode":false,"pivot":{"x":97.26274871826172,"y":48.62034606933594,"z":8.437454223632813},"rotation":{"x":0.18941086530685426,"y":-0.7968223094940186,"z":0.3144758939743042,"w":0.47992411255836489},"size":29.66604232788086,"orthographic":false}