{"cameraMode":{"drawMode":0,"name":"Shaded","section":"Shading Mode"},"sceneLighting":false,"audioPlay":false,"sceneViewState":{"showFog":false,"showMaterialUpdate":false,"showSkybox":false,"showFlares":false,"showImageEffects":false,"showParticleSystems":false},"in2DMode":false,"pivot":{"x":-98.53351593017578,"y":32.041656494140628,"z":-106.56871795654297},"rotation":{"x":0.020852359011769296,"y":-0.6129047274589539,"z":0.016182899475097657,"w":0.7897190451622009},"size":18.850265502929689,"orthographic":false}