{"cameraMode":{"drawMode":0,"name":"Shaded","section":"Shading Mode"},"sceneLighting":true,"audioPlay":false,"sceneViewState":{"showFog":false,"showMaterialUpdate":false,"showSkybox":false,"showFlares":false,"showImageEffects":false,"showParticleSystems":false},"in2DMode":false,"pivot":{"x":30.71373748779297,"y":32.83253479003906,"z":-103.45398712158203},"rotation":{"x":-0.09393571317195893,"y":-0.20171315968036652,"z":0.023795535787940027,"w":-0.9753124117851257},"size":6.654001712799072,"orthographic":false}