{"cameraMode":{"drawMode":0,"name":"Shaded","section":"Shading Mode"},"sceneLighting":true,"audioPlay":false,"sceneViewState":{"showFog":false,"showMaterialUpdate":false,"showSkybox":true,"showFlares":false,"showImageEffects":false,"showParticleSystems":false},"in2DMode":false,"pivot":{"x":23.93229103088379,"y":4.3245320320129398,"z":5.676751613616943},"rotation":{"x":-0.27991193532943728,"y":0.6562021374702454,"z":-0.2874007225036621,"w":-0.6391037106513977},"size":69.35990905761719,"orthographic":false}