{"cameraMode":{"drawMode":0,"name":"Shaded","section":"Shading Mode"},"sceneLighting":false,"audioPlay":false,"sceneViewState":{"showFog":false,"showMaterialUpdate":false,"showSkybox":false,"showFlares":false,"showImageEffects":false,"showParticleSystems":false},"in2DMode":false,"pivot":{"x":92.34716796875,"y":27.455120086669923,"z":12.56312370300293},"rotation":{"x":0.3207938075065613,"y":-0.08367554098367691,"z":0.028464559465646745,"w":0.9430167078971863},"size":11.857378005981446,"orthographic":false}