{"cameraMode":{"drawMode":0,"name":"Shaded","section":"Shading Mode"},"sceneLighting":false,"audioPlay":false,"sceneViewState":{"showFog":false,"showMaterialUpdate":false,"showSkybox":false,"showFlares":false,"showImageEffects":false,"showParticleSystems":false},"in2DMode":false,"pivot":{"x":39.70000076293945,"y":7.730000019073486,"z":78.5999984741211},"rotation":{"x":0.018131207674741746,"y":0.9750526547431946,"z":-0.20355647802352906,"w":0.08681245148181915},"size":6.9172210693359379,"orthographic":false}