{"cameraMode":{"drawMode":0,"name":"Shaded","section":"Shading Mode"},"sceneLighting":true,"audioPlay":false,"sceneViewState":{"showFog":false,"showMaterialUpdate":false,"showSkybox":false,"showFlares":false,"showImageEffects":false,"showParticleSystems":false},"in2DMode":false,"pivot":{"x":28.42280387878418,"y":33.632442474365237,"z":-106.5279312133789},"rotation":{"x":-0.13943763077259065,"y":-0.06509650498628617,"z":0.013541985303163529,"w":-0.9886599183082581},"size":3.3540003299713136,"orthographic":false}