{"cameraMode":{"drawMode":0,"name":"Shaded","section":"Shading Mode"},"sceneLighting":true,"audioPlay":false,"sceneViewState":{"showFog":false,"showMaterialUpdate":false,"showSkybox":true,"showFlares":false,"showImageEffects":false,"showParticleSystems":false},"in2DMode":false,"pivot":{"x":130.50889587402345,"y":-53.24843215942383,"z":192.94288635253907},"rotation":{"x":-0.19654400646686555,"y":-0.19125591218471528,"z":0.04077249392867088,"w":-0.96180659532547},"size":243.80908203125,"orthographic":false}