{"cameraMode":{"drawMode":0,"name":"Shaded","section":"Shading Mode"},"sceneLighting":true,"audioPlay":false,"sceneViewState":{"showFog":false,"showMaterialUpdate":false,"showSkybox":true,"showFlares":false,"showImageEffects":false,"showParticleSystems":false},"in2DMode":false,"pivot":{"x":73.01082611083985,"y":23.75069236755371,"z":-11.016990661621094},"rotation":{"x":-0.10110354423522949,"y":-0.7326557040214539,"z":0.117343008518219,"w":-0.6634105443954468},"size":24.213788986206056,"orthographic":false}