{"cameraMode":{"drawMode":0,"name":"Shaded","section":"Shading Mode"},"sceneLighting":true,"audioPlay":false,"sceneViewState":{"showFog":false,"showMaterialUpdate":false,"showSkybox":true,"showFlares":false,"showImageEffects":false,"showParticleSystems":false},"in2DMode":false,"pivot":{"x":10.8544921875,"y":-171.25494384765626,"z":272.848876953125},"rotation":{"x":0.2931504547595978,"y":-0.10585933178663254,"z":0.03264971077442169,"w":0.9496848583221436},"size":362.38763427734377,"orthographic":false}