{"cameraMode":{"drawMode":0,"name":"Shaded","section":"Shading Mode"},"sceneLighting":false,"audioPlay":false,"sceneViewState":{"showFog":false,"showMaterialUpdate":false,"showSkybox":false,"showFlares":false,"showImageEffects":false,"showParticleSystems":false},"in2DMode":false,"pivot":{"x":-88.07516479492188,"y":32.304931640625,"z":-105.66814422607422},"rotation":{"x":-0.02696581929922104,"y":-0.2127777338027954,"z":-0.005874918773770332,"w":0.9767114520072937},"size":12.53619384765625,"orthographic":false}