{"cameraMode":{"drawMode":0,"name":"Shaded","section":"Shading Mode"},"sceneLighting":true,"audioPlay":false,"sceneViewState":{"showFog":false,"showMaterialUpdate":false,"showSkybox":true,"showFlares":false,"showImageEffects":false,"showParticleSystems":false},"in2DMode":false,"pivot":{"x":24.879505157470704,"y":-6.749744415283203,"z":339.1305236816406},"rotation":{"x":0.06851143389940262,"y":-0.0292525514960289,"z":-0.0021154361311346294,"w":0.9984488487243652},"size":310.68524169921877,"orthographic":false}