{"cameraMode":{"drawMode":0,"name":"Shaded","section":"Shading Mode"},"sceneLighting":false,"audioPlay":false,"sceneViewState":{"showFog":false,"showMaterialUpdate":false,"showSkybox":false,"showFlares":false,"showImageEffects":false,"showParticleSystems":false},"in2DMode":false,"pivot":{"x":43.13136291503906,"y":10.770842552185059,"z":54.264461517333987},"rotation":{"x":0.2566521465778351,"y":0.07673846930265427,"z":-0.020446937531232835,"w":0.9632359743118286},"size":56.84114456176758,"orthographic":false}