{"cameraMode":{"drawMode":0,"name":"Shaded","section":"Shading Mode"},"sceneLighting":false,"audioPlay":false,"sceneViewState":{"showFog":false,"showMaterialUpdate":false,"showSkybox":true,"showFlares":false,"showImageEffects":false,"showParticleSystems":false},"in2DMode":false,"pivot":{"x":131.4072723388672,"y":31.750253677368165,"z":126.52912139892578},"rotation":{"x":-0.015602638013660908,"y":-0.3964358866214752,"z":0.007798338774591684,"w":-0.9193354249000549},"size":29.06142234802246,"orthographic":false}