{"cameraMode":{"drawMode":0,"name":"Shaded","section":"Shading Mode"},"sceneLighting":false,"audioPlay":false,"sceneViewState":{"showFog":false,"showMaterialUpdate":false,"showSkybox":false,"showFlares":false,"showImageEffects":false,"showParticleSystems":false},"in2DMode":false,"pivot":{"x":-0.03892817348241806,"y":0.4249042868614197,"z":-0.20294807851314546},"rotation":{"x":-0.19972680509090424,"y":-0.4131646752357483,"z":0.0933932438492775,"w":-0.8835646510124207},"size":0.9328233599662781,"orthographic":false}