{"cameraMode":{"drawMode":0,"name":"Shaded","section":"Shading Mode"},"sceneLighting":false,"audioPlay":false,"sceneViewState":{"showFog":false,"showMaterialUpdate":false,"showSkybox":false,"showFlares":false,"showImageEffects":false,"showParticleSystems":false},"in2DMode":false,"pivot":{"x":21.241497039794923,"y":10.852185249328614,"z":-14.222890853881836},"rotation":{"x":-0.03547300770878792,"y":0.6212112903594971,"z":-0.028164595365524293,"w":-0.7823402881622315},"size":10.246403694152832,"orthographic":false}