{"cameraMode":{"drawMode":0,"name":"Shaded","section":"Shading Mode"},"sceneLighting":true,"audioPlay":false,"sceneViewState":{"showFog":false,"showMaterialUpdate":false,"showSkybox":true,"showFlares":false,"showImageEffects":false,"showParticleSystems":false},"in2DMode":false,"pivot":{"x":19.872146606445314,"y":-47.7452392578125,"z":132.48931884765626},"rotation":{"x":-0.26637765765190127,"y":0.12912344932556153,"z":-0.03583500161767006,"w":-0.9545628428459168},"size":223.6099090576172,"orthographic":false}