{"cameraMode":{"drawMode":0,"name":"Shaded","section":"Shading Mode"},"sceneLighting":false,"audioPlay":false,"sceneViewState":{"showFog":false,"showMaterialUpdate":false,"showSkybox":false,"showFlares":false,"showImageEffects":false,"showParticleSystems":false},"in2DMode":false,"pivot":{"x":75.69999694824219,"y":4.869999885559082,"z":-29.899999618530275},"rotation":{"x":0.07971376180648804,"y":0.9119388461112976,"z":-0.34169602394104006,"w":0.21275046467781068},"size":5.857884883880615,"orthographic":false}