{"cameraMode":{"drawMode":0,"name":"Shaded","section":"Shading Mode"},"sceneLighting":false,"audioPlay":false,"sceneViewState":{"showFog":false,"showMaterialUpdate":false,"showSkybox":false,"showFlares":false,"showImageEffects":false,"showParticleSystems":false},"in2DMode":false,"pivot":{"x":64.78402709960938,"y":22.044954299926759,"z":52.18861770629883},"rotation":{"x":-0.026952143758535386,"y":-0.24287071824073792,"z":0.007337885443121195,"w":-0.9710116982460022},"size":72.66292572021485,"orthographic":false}