{"cameraMode":{"drawMode":0,"name":"Shaded","section":"Shading Mode"},"sceneLighting":false,"audioPlay":false,"sceneViewState":{"showFog":false,"showMaterialUpdate":false,"showSkybox":false,"showFlares":false,"showImageEffects":false,"showParticleSystems":false},"in2DMode":false,"pivot":{"x":-11.350878715515137,"y":12.277626037597657,"z":-86.14909362792969},"rotation":{"x":0.17910222709178925,"y":0.557072103023529,"z":-0.12451259046792984,"w":0.8013071417808533},"size":154.64773559570313,"orthographic":false}