{"cameraMode":{"drawMode":0,"name":"Shaded","section":"Shading Mode"},"sceneLighting":false,"audioPlay":false,"sceneViewState":{"showFog":false,"showMaterialUpdate":false,"showSkybox":true,"showFlares":false,"showImageEffects":false,"showParticleSystems":false},"in2DMode":false,"pivot":{"x":40.007259368896487,"y":4.428053855895996,"z":93.93671417236328},"rotation":{"x":0.3738459646701813,"y":0.15335756540298463,"z":-0.06282567977905274,"w":0.9125674962997437},"size":37.403072357177737,"orthographic":false}