{"cameraMode":{"drawMode":0,"name":"Shaded","section":"Shading Mode"},"sceneLighting":false,"audioPlay":false,"sceneViewState":{"showFog":false,"showMaterialUpdate":false,"showSkybox":false,"showFlares":false,"showImageEffects":false,"showParticleSystems":false},"in2DMode":false,"pivot":{"x":17.923032760620118,"y":5.5490946769714359,"z":-15.314268112182618},"rotation":{"x":-0.04945171996951103,"y":0.41180163621902468,"z":-0.02238669991493225,"w":-0.9096562266349793},"size":-16.69860076904297,"orthographic":false}