{"cameraMode":{"drawMode":0,"name":"Shaded","section":"Shading Mode"},"sceneLighting":true,"audioPlay":false,"sceneViewState":{"showFog":false,"showMaterialUpdate":false,"showSkybox":true,"showFlares":false,"showImageEffects":false,"showParticleSystems":false},"in2DMode":false,"pivot":{"x":-459.4187927246094,"y":-264.1319580078125,"z":274.0450744628906},"rotation":{"x":-0.18817508220672608,"y":0.5156023502349854,"z":-0.11068379878997803,"w":-0.8292609453201294},"size":683.1041870117188,"orthographic":false}