{"cameraMode":{"drawMode":0,"name":"Shaded","section":"Shading Mode"},"sceneLighting":false,"audioPlay":false,"sceneViewState":{"showFog":false,"showMaterialUpdate":false,"showSkybox":false,"showFlares":false,"showImageEffects":false,"showParticleSystems":false},"in2DMode":false,"pivot":{"x":20.71539306640625,"y":10.741048812866211,"z":-16.528701782226564},"rotation":{"x":-0.03547300770878792,"y":0.6212112903594971,"z":-0.028164595365524293,"w":-0.7823402881622315},"size":4.9655442237854,"orthographic":false}