{"cameraMode":{"drawMode":0,"name":"Shaded","section":"Shading Mode"},"sceneLighting":true,"audioPlay":false,"sceneViewState":{"showFog":false,"showMaterialUpdate":false,"showSkybox":true,"showFlares":false,"showImageEffects":false,"showParticleSystems":false},"in2DMode":false,"pivot":{"x":-387.8260803222656,"y":-176.4229736328125,"z":-734.9741821289063},"rotation":{"x":-0.03374693915247917,"y":0.9560790657997131,"z":-0.11983633786439896,"w":-0.2657622694969177},"size":952.4760131835938,"orthographic":false}