{"cameraMode":{"drawMode":0,"name":"Shaded","section":"Shading Mode"},"sceneLighting":true,"audioPlay":false,"sceneViewState":{"showFog":false,"showMaterialUpdate":false,"showSkybox":true,"showFlares":false,"showImageEffects":false,"showParticleSystems":false},"in2DMode":false,"pivot":{"x":46.01333236694336,"y":10.360581398010254,"z":107.09082794189453},"rotation":{"x":0.08006741106510163,"y":-0.8084247708320618,"z":0.10401120036840439,"w":0.5757932066917419},"size":29.333091735839845,"orthographic":false}