{"cameraMode":{"drawMode":0,"name":"Shaded","section":"Shading Mode"},"sceneLighting":true,"audioPlay":false,"sceneViewState":{"showFog":false,"showMaterialUpdate":false,"showSkybox":true,"showFlares":false,"showImageEffects":false,"showParticleSystems":false},"in2DMode":false,"pivot":{"x":195.51959228515626,"y":-28.118404388427736,"z":-167.94053649902345},"rotation":{"x":-0.03279023990035057,"y":-0.9560032486915588,"z":0.11916757375001908,"w":-0.26644283533096316},"size":204.16783142089845,"orthographic":false}