{"cameraMode":{"drawMode":0,"name":"Shaded","section":"Shading Mode"},"sceneLighting":false,"audioPlay":false,"sceneViewState":{"showFog":false,"showMaterialUpdate":false,"showSkybox":false,"showFlares":false,"showImageEffects":false,"showParticleSystems":false},"in2DMode":false,"pivot":{"x":75.22699737548828,"y":4.869999885559082,"z":12.66100025177002},"rotation":{"x":0.07971376180648804,"y":0.9119388461112976,"z":-0.34169602394104006,"w":0.21275046467781068},"size":2.8578836917877199,"orthographic":false}