{"cameraMode":{"drawMode":0,"name":"Shaded","section":"Shading Mode"},"sceneLighting":true,"audioPlay":false,"sceneViewState":{"showFog":false,"showMaterialUpdate":false,"showSkybox":true,"showFlares":false,"showImageEffects":false,"showParticleSystems":false},"in2DMode":false,"pivot":{"x":137.34486389160157,"y":-16.780609130859376,"z":216.41229248046876},"rotation":{"x":-0.270254909992218,"y":-0.7294008135795593,"z":0.4307108223438263,"w":-0.4576984941959381},"size":386.2479553222656,"orthographic":false}