{"cameraMode":{"drawMode":0,"name":"Shaded","section":"Shading Mode"},"sceneLighting":false,"audioPlay":false,"sceneViewState":{"showFog":false,"showMaterialUpdate":false,"showSkybox":false,"showFlares":false,"showImageEffects":false,"showParticleSystems":false},"in2DMode":false,"pivot":{"x":144.69442749023438,"y":14.516345024108887,"z":-0.9521092772483826},"rotation":{"x":0.008534900844097138,"y":-0.9913434386253357,"z":0.10027724504470825,"w":0.08435928821563721},"size":33.85332489013672,"orthographic":false}