{"cameraMode":{"drawMode":0,"name":"Shaded","section":"Shading Mode"},"sceneLighting":false,"audioPlay":false,"sceneViewState":{"showFog":false,"showMaterialUpdate":false,"showSkybox":false,"showFlares":false,"showImageEffects":false,"showParticleSystems":false},"in2DMode":false,"pivot":{"x":-10.828847885131836,"y":35.698463439941409,"z":-23.03353500366211},"rotation":{"x":0.1082138866186142,"y":-0.724172830581665,"z":0.11679085344076157,"w":0.6709889769554138},"size":1.716443419456482,"orthographic":false}