{"cameraMode":{"drawMode":0,"name":"Shaded","section":"Shading Mode"},"sceneLighting":true,"audioPlay":false,"sceneViewState":{"showFog":false,"showMaterialUpdate":false,"showSkybox":true,"showFlares":false,"showImageEffects":false,"showParticleSystems":false},"in2DMode":false,"pivot":{"x":79.8186264038086,"y":25.28666877746582,"z":85.91326904296875},"rotation":{"x":0.47859466075897219,"y":-0.2327432632446289,"z":0.1332288682460785,"w":0.8360809683799744},"size":397.9103698730469,"orthographic":false}