{"cameraMode":{"drawMode":0,"name":"Shaded","section":"Shading Mode"},"sceneLighting":true,"audioPlay":false,"sceneViewState":{"showFog":false,"showMaterialUpdate":false,"showSkybox":true,"showFlares":false,"showImageEffects":false,"showParticleSystems":false},"in2DMode":false,"pivot":{"x":0.15436553955078126,"y":7.414392471313477,"z":105.84121704101563},"rotation":{"x":-0.0950668528676033,"y":0.598084032535553,"z":-0.06946226954460144,"w":-0.7937976717948914},"size":49.6607666015625,"orthographic":false}