{"cameraMode":{"drawMode":0,"name":"Shaded","section":"Shading Mode"},"sceneLighting":true,"audioPlay":false,"sceneViewState":{"showFog":false,"showMaterialUpdate":false,"showSkybox":false,"showFlares":false,"showImageEffects":false,"showParticleSystems":false},"in2DMode":false,"pivot":{"x":-5.7090606689453129,"y":47.932552337646487,"z":40.385009765625},"rotation":{"x":-0.38373252749443056,"y":0.4762876629829407,"z":-0.24272283911705018,"w":-0.7529855370521545},"size":232.3002471923828,"orthographic":false}