{"cameraMode":{"drawMode":0,"name":"Shaded","section":"Shading Mode"},"sceneLighting":false,"audioPlay":false,"sceneViewState":{"showFog":false,"showMaterialUpdate":false,"showSkybox":false,"showFlares":false,"showImageEffects":false,"showParticleSystems":false},"in2DMode":false,"pivot":{"x":56.984764099121097,"y":4.857875823974609,"z":23.05213737487793},"rotation":{"x":0.07971376180648804,"y":0.9119388461112976,"z":-0.34169602394104006,"w":0.21275046467781068},"size":10.533044815063477,"orthographic":false}