{"cameraMode":{"drawMode":0,"name":"Shaded","section":"Shading Mode"},"sceneLighting":false,"audioPlay":false,"sceneViewState":{"showFog":false,"showMaterialUpdate":false,"showSkybox":false,"showFlares":false,"showImageEffects":false,"showParticleSystems":false},"in2DMode":false,"pivot":{"x":-0.0000026268025976605715,"y":0.0000059959197642456278,"z":0.000010442161510582082},"rotation":{"x":0.034609999507665637,"y":-0.5837684273719788,"z":-0.024820370599627496,"w":-0.8108359575271606},"size":-1.1999428272247315,"orthographic":false}