{"cameraMode":{"drawMode":0,"name":"Shaded","section":"Shading Mode"},"sceneLighting":true,"audioPlay":false,"sceneViewState":{"showFog":false,"showMaterialUpdate":false,"showSkybox":true,"showFlares":false,"showImageEffects":false,"showParticleSystems":false},"in2DMode":false,"pivot":{"x":104.66500854492188,"y":10.133039474487305,"z":-14.876738548278809},"rotation":{"x":0.028636178001761438,"y":-0.9720469117164612,"z":-0.163862943649292,"w":-0.1665090173482895},"size":18.463476181030275,"orthographic":false}