{"cameraMode":{"drawMode":0,"name":"Shaded","section":"Shading Mode"},"sceneLighting":true,"audioPlay":false,"sceneViewState":{"showFog":false,"showMaterialUpdate":false,"showSkybox":true,"showFlares":false,"showImageEffects":false,"showParticleSystems":false},"in2DMode":false,"pivot":{"x":100.3512954711914,"y":12.592608451843262,"z":93.41307830810547},"rotation":{"x":0.035986077040433887,"y":0.018588993698358537,"z":-0.0006696048658341169,"w":0.9991806745529175},"size":117.55651092529297,"orthographic":false}