{"cameraMode":{"drawMode":0,"name":"Shaded","section":"Shading Mode"},"sceneLighting":false,"audioPlay":false,"sceneViewState":{"showFog":false,"showMaterialUpdate":false,"showSkybox":false,"showFlares":false,"showImageEffects":false,"showParticleSystems":false},"in2DMode":false,"pivot":{"x":33.97109603881836,"y":6.088295936584473,"z":54.48656463623047},"rotation":{"x":0.1555343121290207,"y":-0.7655676603317261,"z":0.20152665674686433,"w":0.590851366519928},"size":22.626121520996095,"orthographic":false}