{"cameraMode":{"drawMode":0,"name":"Shaded","section":"Shading Mode"},"sceneLighting":true,"audioPlay":false,"sceneViewState":{"showFog":false,"showMaterialUpdate":false,"showSkybox":true,"showFlares":false,"showImageEffects":false,"showParticleSystems":false},"in2DMode":false,"pivot":{"x":67.36236572265625,"y":10.583580017089844,"z":62.84986114501953},"rotation":{"x":0.10501831769943237,"y":-0.8885257840156555,"z":0.2539597153663635,"w":0.3674282431602478},"size":10.634108543395996,"orthographic":false}