{"cameraMode":{"drawMode":0,"name":"Shaded","section":"Shading Mode"},"sceneLighting":false,"audioPlay":false,"sceneViewState":{"showFog":false,"showMaterialUpdate":false,"showSkybox":true,"showFlares":false,"showImageEffects":false,"showParticleSystems":false},"in2DMode":false,"pivot":{"x":156.6179962158203,"y":27.378528594970704,"z":79.83604431152344},"rotation":{"x":-0.11521832644939423,"y":0.8816729187965393,"z":-0.28175514936447146,"w":-0.3605625629425049},"size":49.17253112792969,"orthographic":false}