{"cameraMode":{"drawMode":0,"name":"Shaded","section":"Shading Mode"},"sceneLighting":false,"audioPlay":false,"sceneViewState":{"showFog":false,"showMaterialUpdate":false,"showSkybox":false,"showFlares":false,"showImageEffects":false,"showParticleSystems":false},"in2DMode":false,"pivot":{"x":71.0069351196289,"y":4.47812557220459,"z":-30.2053165435791},"rotation":{"x":-0.08527454733848572,"y":0.7287207245826721,"z":-0.09230662882328034,"w":-0.6731858849525452},"size":8.767223358154297,"orthographic":false}