{"cameraMode":{"drawMode":0,"name":"Shaded","section":"Shading Mode"},"sceneLighting":true,"audioPlay":false,"sceneViewState":{"showFog":false,"showMaterialUpdate":false,"showSkybox":true,"showFlares":false,"showImageEffects":false,"showParticleSystems":false},"in2DMode":false,"pivot":{"x":71.70905303955078,"y":16.912822723388673,"z":165.52882385253907},"rotation":{"x":-0.19570375978946687,"y":-0.28559374809265139,"z":0.059892766177654269,"w":-0.9363019466400147},"size":34.729251861572269,"orthographic":true}