{"cameraMode":{"drawMode":0,"name":"Shaded","section":"Shading Mode"},"sceneLighting":true,"audioPlay":false,"sceneViewState":{"showFog":false,"showMaterialUpdate":false,"showSkybox":true,"showFlares":false,"showImageEffects":false,"showParticleSystems":false},"in2DMode":false,"pivot":{"x":-302.37420654296877,"y":-704.2327880859375,"z":-465.0406494140625},"rotation":{"x":-0.11507155746221543,"y":0.8745366334915161,"z":-0.39864566922187807,"w":-0.2514801621437073},"size":975.3644409179688,"orthographic":false}