{"cameraMode":{"drawMode":0,"name":"Shaded","section":"Shading Mode"},"sceneLighting":true,"audioPlay":false,"sceneViewState":{"showFog":false,"showMaterialUpdate":false,"showSkybox":true,"showFlares":false,"showImageEffects":false,"showParticleSystems":false},"in2DMode":false,"pivot":{"x":88.9358139038086,"y":-34.164730072021487,"z":44.88850784301758},"rotation":{"x":0.36700403690338137,"y":0.6319890022277832,"z":-0.4596419930458069,"w":0.5046189427375794},"size":205.9409637451172,"orthographic":false}