{"cameraMode":{"drawMode":0,"name":"Shaded","section":"Shading Mode"},"sceneLighting":true,"audioPlay":false,"sceneViewState":{"showFog":false,"showMaterialUpdate":false,"showSkybox":true,"showFlares":false,"showImageEffects":false,"showParticleSystems":false},"in2DMode":false,"pivot":{"x":102.51792907714844,"y":10.286221504211426,"z":0.47905421257019045},"rotation":{"x":0.038394466042518619,"y":-0.4455960988998413,"z":0.01910758577287197,"w":0.894232988357544},"size":6.868501663208008,"orthographic":false}