{"cameraMode":{"drawMode":0,"name":"Shaded","section":"Shading Mode"},"sceneLighting":true,"audioPlay":false,"sceneViewState":{"showFog":false,"showMaterialUpdate":false,"showSkybox":true,"showFlares":false,"showImageEffects":false,"showParticleSystems":false},"in2DMode":false,"pivot":{"x":34.65652084350586,"y":-53.151187896728519,"z":-2.83347749710083},"rotation":{"x":-0.012881758622825146,"y":0.8756473064422607,"z":-0.4822392165660858,"w":-0.023386992514133455},"size":91.65538787841797,"orthographic":false}