{"cameraMode":{"drawMode":0,"name":"Shaded","section":"Shading Mode"},"sceneLighting":true,"audioPlay":false,"sceneViewState":{"showFog":false,"showMaterialUpdate":false,"showSkybox":true,"showFlares":false,"showImageEffects":false,"showParticleSystems":false},"in2DMode":false,"pivot":{"x":99.81307983398438,"y":-232.88772583007813,"z":290.8599853515625},"rotation":{"x":0.4042825996875763,"y":0.10933730006217957,"z":-0.048748236149549487,"w":0.9067662954330444},"size":351.4082946777344,"orthographic":false}