{"cameraMode":{"drawMode":0,"name":"Shaded","section":"Shading Mode"},"sceneLighting":false,"audioPlay":false,"sceneViewState":{"showFog":false,"showMaterialUpdate":false,"showSkybox":false,"showFlares":false,"showImageEffects":false,"showParticleSystems":false},"in2DMode":false,"pivot":{"x":10.880000114440918,"y":6.280004501342773,"z":14.670000076293946},"rotation":{"x":-0.40841343998908999,"y":0.5373417139053345,"z":-0.33338627219200137,"w":-0.6582704186439514},"size":13.224839210510254,"orthographic":false}