{"cameraMode":{"drawMode":0,"name":"Shaded","section":"Shading Mode"},"sceneLighting":false,"audioPlay":false,"sceneViewState":{"showFog":false,"showMaterialUpdate":false,"showSkybox":false,"showFlares":false,"showImageEffects":false,"showParticleSystems":false},"in2DMode":false,"pivot":{"x":-0.11919999867677689,"y":0.6208056807518005,"z":0.3346705436706543},"rotation":{"x":-0.35203447937965395,"y":-0.6037046313285828,"z":0.3367278277873993,"w":-0.631085991859436},"size":5.1721110343933109,"orthographic":false}