{"cameraMode":{"drawMode":0,"name":"Shaded","section":"Shading Mode"},"sceneLighting":false,"audioPlay":false,"sceneViewState":{"showFog":false,"showMaterialUpdate":false,"showSkybox":true,"showFlares":false,"showImageEffects":false,"showParticleSystems":false},"in2DMode":false,"pivot":{"x":75.47926330566406,"y":-14.172601699829102,"z":160.87405395507813},"rotation":{"x":0.2566521465778351,"y":0.07673846930265427,"z":-0.020446937531232835,"w":0.9632359743118286},"size":60.323936462402347,"orthographic":false}