{"cameraMode":{"drawMode":0,"name":"Shaded","section":"Shading Mode"},"sceneLighting":true,"audioPlay":false,"sceneViewState":{"showFog":false,"showMaterialUpdate":false,"showSkybox":true,"showFlares":false,"showImageEffects":false,"showParticleSystems":false},"in2DMode":false,"pivot":{"x":39.70000076293945,"y":7.800000190734863,"z":78.5999984741211},"rotation":{"x":0.18850290775299073,"y":0.576996386051178,"z":-0.14014951884746552,"w":0.7827914953231812},"size":7.896374702453613,"orthographic":false}