{"cameraMode":{"drawMode":0,"name":"Shaded","section":"Shading Mode"},"sceneLighting":true,"audioPlay":false,"sceneViewState":{"showFog":false,"showMaterialUpdate":false,"showSkybox":true,"showFlares":false,"showImageEffects":false,"showParticleSystems":false},"in2DMode":false,"pivot":{"x":1062.11083984375,"y":1856.113037109375,"z":-414.2994689941406},"rotation":{"x":0.5005617737770081,"y":-0.13297273218631745,"z":0.07792139798402786,"w":0.8523129820823669},"size":3.3000881671905519,"orthographic":false}