{"cameraMode":{"drawMode":0,"name":"Shaded","section":"Shading Mode"},"sceneLighting":false,"audioPlay":false,"sceneViewState":{"showFog":false,"showMaterialUpdate":false,"showSkybox":true,"showFlares":false,"showImageEffects":false,"showParticleSystems":false},"in2DMode":false,"pivot":{"x":67.04742431640625,"y":-1.7197980880737305,"z":141.64642333984376},"rotation":{"x":0.0910029336810112,"y":0.19909588992595673,"z":-0.01852615922689438,"w":0.975614070892334},"size":82.61380004882813,"orthographic":false}