{"cameraMode":{"drawMode":0,"name":"Shaded","section":"Shading Mode"},"sceneLighting":false,"audioPlay":false,"sceneViewState":{"showFog":false,"showMaterialUpdate":false,"showSkybox":true,"showFlares":false,"showImageEffects":false,"showParticleSystems":false},"in2DMode":false,"pivot":{"x":65.13045501708985,"y":-5.901248931884766,"z":141.6072998046875},"rotation":{"x":0.0910029336810112,"y":0.19909588992595673,"z":-0.01852615922689438,"w":0.975614070892334},"size":79.8615951538086,"orthographic":false}